905,555,6016,Jango Fett
416,555,1464,Padme Amidala
647,555,9446,Q'ira
301,555,7279,Firmus Piett
217,555,6370,Wedge Antilles
905,555,4329,Mon Mothma
416,555,7110,Count Dooku
647,555,5708,Nien Nunb
301,555,3388,Ponda Baba
217,555,4953,Max Rebo
905,555,4613,Salacious B. Crumb
416,555,4962,Enfys Nest
301,555,5476,Wicket W. Warrick
217,555,8522,Poe Dameron
905,555,7446,Qui-Gon Jinn
416,555,1293,Bib Fortuna
647,555,952,Finn
301,555,3302,Kylo Ren
217,555,619,Chirrut Imwe
905,555,6210,Mace Windu
416,555,1079,Chewbacca
647,555,3445,Jabba the Hut
301,555,2246,Greedo
217,555,7110,Lando Calrissian
905,555,1479,Darth Maul
416,555,1479,Obi-Wan Kenobi
647,555,8396,Rey
301,555,630,Luke Skywalker
217,555,8508,Princess Leia
217,555,5979,Yoda
905,555,9382,Boba Fett
416,555,5011,Darth Vader
647,555,5144,Han Solo
301,555,2504,C3PO
217,555,6707,R2D2
